{
  "num_nodes": 2,
  "c_puct": 1.0,
  "prior": 0.5,
  "total_visits": 4,
  "max_rank_error": 0.0,
  "max_puct_error": 0.0,
  "passes": true,
  "nodes": [
    {
      "node_id": 0,
      "score": -1928.0119555636309,
      "visits": 2,
      "rank_score": 1.0,
      "expected_rank_score": 1.0,
      "rank_error": 0.0,
      "puct": 1.3333333333333333,
      "expected_puct": 1.3333333333333333,
      "puct_error": 0.0
    },
    {
      "node_id": 1,
      "score": -1928.012001514181,
      "visits": 2,
      "rank_score": 0.0,
      "expected_rank_score": 0.0,
      "rank_error": 0.0,
      "puct": 0.3333333333333333,
      "expected_puct": 0.3333333333333333,
      "puct_error": 0.0
    }
  ]
}